{
  "model": "qwen2.5_7b",
  "experiment": "exp3",
  "test_samples": 968,
  "metrics": {
    "bleu_1": 0.2122609206357423,
    "bleu_2": 0.10058937325593081,
    "bleu_3": 0.05444080112380515,
    "bleu_4": 0.030170444039218078,
    "rouge_1_f1": 0.36089000157304374,
    "rouge_2_f1": 0.10840529370581373,
    "rouge_l_f1": 0.2351611260676205,
    "meteor": 0.23161901453695324,
    "bertscore_f1": 0.0,
    "avg_reference_length": 89.91528925619835,
    "avg_candidate_length": 136.85227272727272,
    "length_ratio": 1.5220133734690593,
    "length_difference": 46.93698347107437
  },
  "metrics_by_language": {
    "english": {
      "rouge_1_f1": 0.3621140222010899,
      "n": 331
    },
    "hindi": {
      "rouge_1_f1": 0.36213365884002896,
      "n": 311
    },
    "code_mixed": {
      "rouge_1_f1": 0.3584607738493759,
      "n": 326
    }
  },
  "metrics_by_complexity": {
    "professional": {
      "rouge_1_f1": 0.39352911394539675,
      "n": 318
    },
    "intermediate": {
      "rouge_1_f1": 0.35378826667665714,
      "n": 326
    },
    "layman": {
      "rouge_1_f1": 0.3360008899737034,
      "n": 324
    }
  },
  "checkpoint": "models/qwen2.5_7b/checkpoints/exp3/final"
}