{
  "n_done": 1400,
  "metrics": {
    "bleu_1": 0.042961128218591035,
    "bleu_2": 0.014828068112292325,
    "bleu_3": 0.007351204494728354,
    "bleu_4": 0.004173920699879914,
    "rouge_1_f1": 0.09732795197647105,
    "rouge_2_f1": 0.01694202398997943,
    "rouge_l_f1": 0.06666574251514089,
    "meteor": 0.04210629517106972,
    "bertscore_f1": 0.0
  }
}