{
  "n_done": 200,
  "metrics": {
    "bleu_1": 0.03759087176090623,
    "bleu_2": 0.01220596262675359,
    "bleu_3": 0.005926783020044513,
    "bleu_4": 0.0034116372011070233,
    "rouge_1_f1": 0.08908541056447179,
    "rouge_2_f1": 0.013857967331049522,
    "rouge_l_f1": 0.06313337388944493,
    "meteor": 0.03860019962039697,
    "bertscore_f1": 0.0
  }
}