{
  "n_done": 800,
  "metrics": {
    "bleu_1": 0.04089056998090007,
    "bleu_2": 0.013962684796728502,
    "bleu_3": 0.006901293073278669,
    "bleu_4": 0.003996244220050631,
    "rouge_1_f1": 0.09378401958601806,
    "rouge_2_f1": 0.015599234805743357,
    "rouge_l_f1": 0.06495546647701862,
    "meteor": 0.0396680110600632,
    "bertscore_f1": 0.0
  }
}