{
  "n_done": 600,
  "metrics": {
    "bleu_1": 0.038317083433228045,
    "bleu_2": 0.01253934647719637,
    "bleu_3": 0.006205891999495628,
    "bleu_4": 0.003577543267575048,
    "rouge_1_f1": 0.08832638140996818,
    "rouge_2_f1": 0.014000604063060473,
    "rouge_l_f1": 0.062438967788116626,
    "meteor": 0.036651178650993016,
    "bertscore_f1": 0.0
  }
}