{
  "n_done": 1000,
  "metrics": {
    "bleu_1": 0.041639555078103734,
    "bleu_2": 0.014224351938300973,
    "bleu_3": 0.006980887669585818,
    "bleu_4": 0.004007806305760475,
    "rouge_1_f1": 0.09537251998906318,
    "rouge_2_f1": 0.016174798106372984,
    "rouge_l_f1": 0.06561916352801515,
    "meteor": 0.040454802439367145,
    "bertscore_f1": 0.0
  }
}