{
  "n_done": 400,
  "metrics": {
    "bleu_1": 0.039490414599101076,
    "bleu_2": 0.013492657269679808,
    "bleu_3": 0.006709082397995686,
    "bleu_4": 0.0038246972323541795,
    "rouge_1_f1": 0.09237475890312734,
    "rouge_2_f1": 0.01618297522724867,
    "rouge_l_f1": 0.06491274969112118,
    "meteor": 0.03897324370477364,
    "bertscore_f1": 0.0
  }
}