{
  "n_done": 1200,
  "metrics": {
    "bleu_1": 0.04234897661739119,
    "bleu_2": 0.014643508968487602,
    "bleu_3": 0.007297341271859277,
    "bleu_4": 0.004168819790839168,
    "rouge_1_f1": 0.09601620102784643,
    "rouge_2_f1": 0.016543850027142933,
    "rouge_l_f1": 0.06591436901979725,
    "meteor": 0.0414039541982508,
    "bertscore_f1": 0.0
  }
}