{
  "model": "qwen2.5_7b",
  "experiment": "exp4",
  "test_samples": 1571,
  "metrics": {
    "bleu_1": 0.04383013306704286,
    "bleu_2": 0.015244985701466275,
    "bleu_3": 0.007506729720692031,
    "bleu_4": 0.004232548926155576,
    "rouge_1_f1": 0.09796898014750166,
    "rouge_2_f1": 0.01738123783512274,
    "rouge_l_f1": 0.06719076799819172,
    "meteor": 0.04243456063495717,
    "bertscore_f1": 0.0,
    "avg_reference_length": 89.45130490133673,
    "avg_candidate_length": 90.80012730744748,
    "length_ratio": 1.0150788454969828,
    "length_difference": 1.3488224061107559
  },
  "metrics_by_language": {
    "code_mixed": {
      "rouge_1_f1": 0.09796898014750166,
      "n": 1571
    }
  },
  "metrics_by_complexity": {
    "professional": {
      "rouge_1_f1": 0.1401349399211451,
      "n": 524
    },
    "intermediate": {
      "rouge_1_f1": 0.08120909841110166,
      "n": 526
    },
    "layman": {
      "rouge_1_f1": 0.07248094727217969,
      "n": 521
    }
  },
  "checkpoint": "models/qwen2.5_7b/checkpoints/exp4_hindi_english_to_code_mixed/final"
}