{
  "n_done": 800,
  "metrics": {
    "bleu_1": 0.18141889121386318,
    "bleu_2": 0.07641664370318518,
    "bleu_3": 0.03567056639055174,
    "bleu_4": 0.01791109181912806,
    "rouge_1_f1": 0.33478900276273743,
    "rouge_2_f1": 0.07832100343907698,
    "rouge_l_f1": 0.1712681074027393,
    "meteor": 0.23950089573228456,
    "bertscore_f1": 0.0
  }
}