{
  "n_done": 400,
  "metrics": {
    "bleu_1": 0.18031716394742342,
    "bleu_2": 0.07587707362039481,
    "bleu_3": 0.03480981551906742,
    "bleu_4": 0.01716007804224847,
    "rouge_1_f1": 0.33411912881442135,
    "rouge_2_f1": 0.07771771189158402,
    "rouge_l_f1": 0.1698351819893608,
    "meteor": 0.23823762880463628,
    "bertscore_f1": 0.0
  }
}