{
  "n_done": 1400,
  "metrics": {
    "bleu_1": 0.1807230088269049,
    "bleu_2": 0.07547946844949903,
    "bleu_3": 0.03462017658949,
    "bleu_4": 0.017128231609254425,
    "rouge_1_f1": 0.33364193627994787,
    "rouge_2_f1": 0.07713816163309403,
    "rouge_l_f1": 0.16997377273204858,
    "meteor": 0.2372652314926769,
    "bertscore_f1": 0.0
  }
}