{
  "n_done": 600,
  "metrics": {
    "bleu_1": 0.1813813376605372,
    "bleu_2": 0.07650446531891222,
    "bleu_3": 0.03575168436250235,
    "bleu_4": 0.018000220386736217,
    "rouge_1_f1": 0.33609079352025456,
    "rouge_2_f1": 0.07874813488177573,
    "rouge_l_f1": 0.17155280536174364,
    "meteor": 0.24068164515364743,
    "bertscore_f1": 0.0
  }
}