{
  "n_done": 1200,
  "metrics": {
    "bleu_1": 0.1811357269931185,
    "bleu_2": 0.07576051800045872,
    "bleu_3": 0.03479436054258011,
    "bleu_4": 0.017299704367201477,
    "rouge_1_f1": 0.3342035312704755,
    "rouge_2_f1": 0.07764513589790793,
    "rouge_l_f1": 0.1703265859069515,
    "meteor": 0.23779090579212817,
    "bertscore_f1": 0.0
  }
}