{
  "n_done": 200,
  "metrics": {
    "bleu_1": 0.18051492545430617,
    "bleu_2": 0.07645322455430711,
    "bleu_3": 0.0344839300327478,
    "bleu_4": 0.0166943415733266,
    "rouge_1_f1": 0.33405693752806287,
    "rouge_2_f1": 0.07765399439751758,
    "rouge_l_f1": 0.1698882481717567,
    "meteor": 0.23660098298600776,
    "bertscore_f1": 0.0
  }
}