{
  "n_done": 1000,
  "metrics": {
    "bleu_1": 0.18139924020560153,
    "bleu_2": 0.07635791616628025,
    "bleu_3": 0.03535868203264948,
    "bleu_4": 0.01765300270044868,
    "rouge_1_f1": 0.3349253589359344,
    "rouge_2_f1": 0.0781778002202,
    "rouge_l_f1": 0.17059277169568188,
    "meteor": 0.23891590154378717,
    "bertscore_f1": 0.0
  }
}