{
  "n_done": 400,
  "metrics": {
    "bleu_1": 0.2696974069763712,
    "bleu_2": 0.13665991262331684,
    "bleu_3": 0.07801622318771796,
    "bleu_4": 0.044705596637450086,
    "rouge_1_f1": 0.41999445718238865,
    "rouge_2_f1": 0.1408896950477678,
    "rouge_l_f1": 0.2896148251920608,
    "meteor": 0.2691355612511155,
    "bertscore_f1": 0.0
  }
}