{
  "n_done": 200,
  "metrics": {
    "bleu_1": 0.2634594064400193,
    "bleu_2": 0.13024459795442692,
    "bleu_3": 0.07261329817641247,
    "bleu_4": 0.040988841740370964,
    "rouge_1_f1": 0.4054839700683032,
    "rouge_2_f1": 0.12860006497230553,
    "rouge_l_f1": 0.2780148696762994,
    "meteor": 0.26087204239461015,
    "bertscore_f1": 0.0
  }
}