{
  "n_done": 800,
  "metrics": {
    "bleu_1": 0.26906468028918173,
    "bleu_2": 0.13682160712505304,
    "bleu_3": 0.07744525946688914,
    "bleu_4": 0.043887466188718506,
    "rouge_1_f1": 0.41713906327806494,
    "rouge_2_f1": 0.13941123655553495,
    "rouge_l_f1": 0.285121440437903,
    "meteor": 0.2694172335385121,
    "bertscore_f1": 0.0
  }
}