{
  "n_done": 600,
  "metrics": {
    "bleu_1": 0.26987277668687387,
    "bleu_2": 0.1371044055636694,
    "bleu_3": 0.07749437146119047,
    "bleu_4": 0.04379604658547899,
    "rouge_1_f1": 0.4180378514135797,
    "rouge_2_f1": 0.14210159289960028,
    "rouge_l_f1": 0.2864642426474123,
    "meteor": 0.26798091658465795,
    "bertscore_f1": 0.0
  }
}