{
  "n_done": 800,
  "metrics": {
    "bleu_1": 0.1526586019411939,
    "bleu_2": 0.06372228885648538,
    "bleu_3": 0.029170906780943064,
    "bleu_4": 0.014550913466790643,
    "rouge_1_f1": 0.22944643554573582,
    "rouge_2_f1": 0.05015291090758442,
    "rouge_l_f1": 0.1369075223431574,
    "meteor": 0.14040849455910662,
    "bertscore_f1": 0.0
  }
}