{
  "n_done": 200,
  "metrics": {
    "bleu_1": 0.1580873642530855,
    "bleu_2": 0.06478347752999401,
    "bleu_3": 0.029583234263878832,
    "bleu_4": 0.014918779666832176,
    "rouge_1_f1": 0.23390996609279696,
    "rouge_2_f1": 0.04921446243145259,
    "rouge_l_f1": 0.140704470222042,
    "meteor": 0.14173954445501072,
    "bertscore_f1": 0.0
  }
}