{
  "n_done": 1000,
  "metrics": {
    "bleu_1": 0.15473667219113468,
    "bleu_2": 0.06499855959937896,
    "bleu_3": 0.029800453602876482,
    "bleu_4": 0.014947695545825543,
    "rouge_1_f1": 0.23262758645790285,
    "rouge_2_f1": 0.0511903165752621,
    "rouge_l_f1": 0.1381346905757735,
    "meteor": 0.1423111994763362,
    "bertscore_f1": 0.0
  }
}