{
  "n_done": 400,
  "metrics": {
    "bleu_1": 0.15232540360994912,
    "bleu_2": 0.06293125813772178,
    "bleu_3": 0.028885181338787817,
    "bleu_4": 0.014516274271912212,
    "rouge_1_f1": 0.22750849148331143,
    "rouge_2_f1": 0.049496509729328265,
    "rouge_l_f1": 0.13743635702343832,
    "meteor": 0.1383330905040159,
    "bertscore_f1": 0.0
  }
}