{
  "n_done": 600,
  "metrics": {
    "bleu_1": 0.04497612068998554,
    "bleu_2": 0.015684624861950634,
    "bleu_3": 0.007478731325119915,
    "bleu_4": 0.0041827258879115975,
    "rouge_1_f1": 0.05107637662649994,
    "rouge_2_f1": 0.0064614297752255394,
    "rouge_l_f1": 0.04519866386374606,
    "meteor": 0.03558773542787571,
    "bertscore_f1": 0.0
  }
}