{
  "n_done": 800,
  "metrics": {
    "bleu_1": 0.04851424160540049,
    "bleu_2": 0.017109030746926636,
    "bleu_3": 0.008205215084555538,
    "bleu_4": 0.00455682707228146,
    "rouge_1_f1": 0.05297577079478431,
    "rouge_2_f1": 0.006456595356400544,
    "rouge_l_f1": 0.046877093106509796,
    "meteor": 0.03781098089076291,
    "bertscore_f1": 0.0
  }
}