{
  "n_done": 600,
  "metrics": {
    "bleu_1": 0.1520037369003778,
    "bleu_2": 0.06244812793754975,
    "bleu_3": 0.028129413550273725,
    "bleu_4": 0.013921454454985363,
    "rouge_1_f1": 0.22770773567844657,
    "rouge_2_f1": 0.0486534322418256,
    "rouge_l_f1": 0.136176136493316,
    "meteor": 0.13800036106167282,
    "bertscore_f1": 0.0
  }
}