{
  "n_done": 1400,
  "metrics": {
    "bleu_1": 0.0499177941023996,
    "bleu_2": 0.017740285433472596,
    "bleu_3": 0.00842823433855305,
    "bleu_4": 0.004628495907849405,
    "rouge_1_f1": 0.05113073101182426,
    "rouge_2_f1": 0.006351044310515866,
    "rouge_l_f1": 0.04566722654306604,
    "meteor": 0.03898619124295631,
    "bertscore_f1": 0.0
  }
}