{
  "n_done": 200,
  "metrics": {
    "bleu_1": 0.0480962538220407,
    "bleu_2": 0.01636095149530785,
    "bleu_3": 0.007729300435966209,
    "bleu_4": 0.004367964037659459,
    "rouge_1_f1": 0.05534490397370617,
    "rouge_2_f1": 0.006853474275506585,
    "rouge_l_f1": 0.049733438989051,
    "meteor": 0.03696248407471326,
    "bertscore_f1": 0.0
  }
}