{
  "n_done": 1200,
  "metrics": {
    "bleu_1": 0.04979772678134462,
    "bleu_2": 0.01769302227155862,
    "bleu_3": 0.008426848836680823,
    "bleu_4": 0.004643481986462194,
    "rouge_1_f1": 0.05174117609552951,
    "rouge_2_f1": 0.006382192031826717,
    "rouge_l_f1": 0.04609629182607087,
    "meteor": 0.038762117931708175,
    "bertscore_f1": 0.0
  }
}