{
  "n_done": 400,
  "metrics": {
    "bleu_1": 0.04347173343621367,
    "bleu_2": 0.014984657626121698,
    "bleu_3": 0.0072852936237638765,
    "bleu_4": 0.004050507406536851,
    "rouge_1_f1": 0.048932324045600925,
    "rouge_2_f1": 0.005458542468656026,
    "rouge_l_f1": 0.04337426192619578,
    "meteor": 0.03460733957591489,
    "bertscore_f1": 0.0
  }
}