{
  "n_done": 1000,
  "metrics": {
    "bleu_1": 0.049382323513377575,
    "bleu_2": 0.017548172371649556,
    "bleu_3": 0.008401468779571047,
    "bleu_4": 0.0046023053392969665,
    "rouge_1_f1": 0.052527431084524956,
    "rouge_2_f1": 0.006427919493742113,
    "rouge_l_f1": 0.04667782372812317,
    "meteor": 0.0384422877080945,
    "bertscore_f1": 0.0
  }
}