{
  "model": "mistral_7b",
  "experiment": "exp1",
  "test_samples": 968,
  "metrics": {
    "bleu_1": 0.25421984938873143,
    "bleu_2": 0.12904353522926476,
    "bleu_3": 0.07445726313901886,
    "bleu_4": 0.0430149707153469,
    "rouge_1_f1": 0.3998186130922999,
    "rouge_2_f1": 0.12997134548957276,
    "rouge_l_f1": 0.2638611245230208,
    "meteor": 0.23857692908914577,
    "bertscore_f1": 0.0,
    "avg_reference_length": 89.91528925619835,
    "avg_candidate_length": 102.65702479338843,
    "length_ratio": 1.1417082193984236,
    "length_difference": 12.741735537190081
  },
  "metrics_by_language": {
    "english": {
      "rouge_1_f1": 0.42989861441486066,
      "n": 331
    },
    "hindi": {
      "rouge_1_f1": 0.35957637004270754,
      "n": 311
    },
    "code_mixed": {
      "rouge_1_f1": 0.40766786815566053,
      "n": 326
    }
  },
  "metrics_by_complexity": {
    "professional": {
      "rouge_1_f1": 0.422720996899185,
      "n": 318
    },
    "intermediate": {
      "rouge_1_f1": 0.3956694737259737,
      "n": 326
    },
    "layman": {
      "rouge_1_f1": 0.38151509884178386,
      "n": 324
    }
  },
  "checkpoint": "models/mistral_7b/checkpoints/exp1/final"
}