{
  "n_done": 1400,
  "metrics": {
    "bleu_1": 0.09336278841123517,
    "bleu_2": 0.03416210071607995,
    "bleu_3": 0.015711871884289956,
    "bleu_4": 0.00813389290342507,
    "rouge_1_f1": 0.16779038231738683,
    "rouge_2_f1": 0.03036245487100953,
    "rouge_l_f1": 0.10234953864092335,
    "meteor": 0.07381896176319462,
    "bertscore_f1": 0.0
  }
}