{
  "n_done": 1000,
  "metrics": {
    "bleu_1": 0.17092918360300283,
    "bleu_2": 0.07212609457931785,
    "bleu_3": 0.034436642148610364,
    "bleu_4": 0.018144675779198947,
    "rouge_1_f1": 0.27539449671689364,
    "rouge_2_f1": 0.06449002711492367,
    "rouge_l_f1": 0.15743650748642968,
    "meteor": 0.14841998413239904,
    "bertscore_f1": 0.0
  }
}