{
  "n_done": 1200,
  "metrics": {
    "bleu_1": 0.17036618707785414,
    "bleu_2": 0.07176952482500615,
    "bleu_3": 0.03439177529824644,
    "bleu_4": 0.018127364854406216,
    "rouge_1_f1": 0.27488830786668556,
    "rouge_2_f1": 0.06451421666716699,
    "rouge_l_f1": 0.15712724762579924,
    "meteor": 0.14840627319845748,
    "bertscore_f1": 0.0
  }
}