{
  "n_done": 1200,
  "metrics": {
    "bleu_1": 0.0923084617143216,
    "bleu_2": 0.03381944540815014,
    "bleu_3": 0.015533335385725077,
    "bleu_4": 0.008014594916978007,
    "rouge_1_f1": 0.16648084979552027,
    "rouge_2_f1": 0.03016738351960243,
    "rouge_l_f1": 0.10136697873751682,
    "meteor": 0.07331109429437968,
    "bertscore_f1": 0.0
  }
}