{
  "n_done": 1000,
  "metrics": {
    "bleu_1": 0.09101342138056928,
    "bleu_2": 0.03309721564162961,
    "bleu_3": 0.015135339178877532,
    "bleu_4": 0.007760730254107311,
    "rouge_1_f1": 0.16479145473809523,
    "rouge_2_f1": 0.02979621918179093,
    "rouge_l_f1": 0.10063909780601622,
    "meteor": 0.07234792679065906,
    "bertscore_f1": 0.0
  }
}