{
  "n_done": 1400,
  "metrics": {
    "bleu_1": 0.17175226950060535,
    "bleu_2": 0.07250799810772195,
    "bleu_3": 0.03464513606959957,
    "bleu_4": 0.018210210590434758,
    "rouge_1_f1": 0.27653083742660806,
    "rouge_2_f1": 0.06460753658265327,
    "rouge_l_f1": 0.15712387299221361,
    "meteor": 0.1491307675705981,
    "bertscore_f1": 0.0
  }
}