{
  "n_done": 800,
  "metrics": {
    "bleu_1": 0.08977558788251715,
    "bleu_2": 0.032388765229473586,
    "bleu_3": 0.014813400531416034,
    "bleu_4": 0.007560773092123293,
    "rouge_1_f1": 0.16357249907397964,
    "rouge_2_f1": 0.029112744381346298,
    "rouge_l_f1": 0.09933313266897134,
    "meteor": 0.0715535373211621,
    "bertscore_f1": 0.0
  }
}