{
  "n_done": 400,
  "metrics": {
    "bleu_1": 0.17115370373306343,
    "bleu_2": 0.07237849137237443,
    "bleu_3": 0.03494079866484058,
    "bleu_4": 0.01810346425696689,
    "rouge_1_f1": 0.2737352033525379,
    "rouge_2_f1": 0.06496703194018238,
    "rouge_l_f1": 0.15847756394913012,
    "meteor": 0.14912933023887864,
    "bertscore_f1": 0.0
  }
}