{
  "n_done": 200,
  "metrics": {
    "bleu_1": 0.08065575340676504,
    "bleu_2": 0.03031657943470188,
    "bleu_3": 0.013879225402977454,
    "bleu_4": 0.006995489090435562,
    "rouge_1_f1": 0.15315417217980934,
    "rouge_2_f1": 0.02723061780716957,
    "rouge_l_f1": 0.09168805535771288,
    "meteor": 0.06576516668847227,
    "bertscore_f1": 0.0
  }
}