{
  "n_done": 800,
  "metrics": {
    "bleu_1": 0.17461422557928155,
    "bleu_2": 0.07414399325032617,
    "bleu_3": 0.03586438392372698,
    "bleu_4": 0.018707309763645697,
    "rouge_1_f1": 0.28017039420392864,
    "rouge_2_f1": 0.06641694113716802,
    "rouge_l_f1": 0.16031634708807785,
    "meteor": 0.15158858404223458,
    "bertscore_f1": 0.0
  }
}