{
  "n_done": 200,
  "metrics": {
    "bleu_1": 0.17616497694374975,
    "bleu_2": 0.07273899399162337,
    "bleu_3": 0.034815614443124324,
    "bleu_4": 0.018183054365270877,
    "rouge_1_f1": 0.27940488594001917,
    "rouge_2_f1": 0.06461419383927611,
    "rouge_l_f1": 0.15976929670627474,
    "meteor": 0.15052872958603639,
    "bertscore_f1": 0.0
  }
}