{
  "model": "mistral_7b",
  "experiment": "exp4",
  "test_samples": 1571,
  "metrics": {
    "bleu_1": 0.09415745466123143,
    "bleu_2": 0.03448288565754768,
    "bleu_3": 0.015936677416703342,
    "bleu_4": 0.008247739707461598,
    "rouge_1_f1": 0.16862891402356855,
    "rouge_2_f1": 0.030627282988375824,
    "rouge_l_f1": 0.10291459771576598,
    "meteor": 0.07434311303568708,
    "bertscore_f1": 0.0,
    "avg_reference_length": 89.45130490133673,
    "avg_candidate_length": 83.20814767663909,
    "length_ratio": 0.930206079927132,
    "length_difference": -6.24315722469764
  },
  "metrics_by_language": {
    "code_mixed": {
      "rouge_1_f1": 0.16862891402356855,
      "n": 1571
    }
  },
  "metrics_by_complexity": {
    "professional": {
      "rouge_1_f1": 0.2183930581712918,
      "n": 524
    },
    "intermediate": {
      "rouge_1_f1": 0.16855179697276412,
      "n": 526
    },
    "layman": {
      "rouge_1_f1": 0.1186560772391466,
      "n": 521
    }
  },
  "checkpoint": "models/mistral_7b/checkpoints/exp4_hindi_english_to_code_mixed/final"
}