{
  "n_done": 600,
  "metrics": {
    "bleu_1": 0.0854806438133781,
    "bleu_2": 0.030241819029092336,
    "bleu_3": 0.013807793215348314,
    "bleu_4": 0.007088987724302312,
    "rouge_1_f1": 0.15754957510852555,
    "rouge_2_f1": 0.027100713384755525,
    "rouge_l_f1": 0.09539060217424059,
    "meteor": 0.06783582825882929,
    "bertscore_f1": 0.0
  }
}