{
  "n_done": 400,
  "metrics": {
    "bleu_1": 0.08601844828073336,
    "bleu_2": 0.030914743706112465,
    "bleu_3": 0.014352654198757295,
    "bleu_4": 0.007399547040539522,
    "rouge_1_f1": 0.16030219251764083,
    "rouge_2_f1": 0.02829770650475969,
    "rouge_l_f1": 0.0963419399531645,
    "meteor": 0.06794206038976087,
    "bertscore_f1": 0.0
  }
}