{
  "n_done": 600,
  "metrics": {
    "bleu_1": 0.17044843776594779,
    "bleu_2": 0.07167407759613806,
    "bleu_3": 0.03452761594733589,
    "bleu_4": 0.018002450267754287,
    "rouge_1_f1": 0.27258503268163226,
    "rouge_2_f1": 0.06381832657136156,
    "rouge_l_f1": 0.1574697340493873,
    "meteor": 0.14728960368406172,
    "bertscore_f1": 0.0
  }
}