{
  "n_done": 800,
  "metrics": {
    "bleu_1": 0.20090532690456137,
    "bleu_2": 0.0883760349597646,
    "bleu_3": 0.044312063186363035,
    "bleu_4": 0.023133500705902272,
    "rouge_1_f1": 0.3141501370380705,
    "rouge_2_f1": 0.07821862214028587,
    "rouge_l_f1": 0.17538421347247407,
    "meteor": 0.17449371163843852,
    "bertscore_f1": 0.0
  }
}