{
  "n_done": 1000,
  "metrics": {
    "bleu_1": 0.2016885887551525,
    "bleu_2": 0.08851528161503971,
    "bleu_3": 0.04403514898352928,
    "bleu_4": 0.02290891999840061,
    "rouge_1_f1": 0.31524497727989725,
    "rouge_2_f1": 0.07845622373696039,
    "rouge_l_f1": 0.17634908318978643,
    "meteor": 0.1751324827815602,
    "bertscore_f1": 0.0
  }
}