{
  "n_done": 1200,
  "metrics": {
    "bleu_1": 0.20445869747197187,
    "bleu_2": 0.09005074400011562,
    "bleu_3": 0.04464228167391873,
    "bleu_4": 0.023254550541263005,
    "rouge_1_f1": 0.319211467218729,
    "rouge_2_f1": 0.08017297888697264,
    "rouge_l_f1": 0.17865209469366455,
    "meteor": 0.17729919554257287,
    "bertscore_f1": 0.0
  }
}