{
  "n_done": 400,
  "metrics": {
    "bleu_1": 0.20634919208297756,
    "bleu_2": 0.09060816844046565,
    "bleu_3": 0.0448305401590779,
    "bleu_4": 0.023267149162596312,
    "rouge_1_f1": 0.3210743520563618,
    "rouge_2_f1": 0.08088083114404582,
    "rouge_l_f1": 0.1796798758259421,
    "meteor": 0.1788274902752608,
    "bertscore_f1": 0.0
  }
}