{
  "n_done": 200,
  "metrics": {
    "bleu_1": 0.22203978807004954,
    "bleu_2": 0.10073374256255808,
    "bleu_3": 0.050619937246008995,
    "bleu_4": 0.026466285468432632,
    "rouge_1_f1": 0.3381803593706993,
    "rouge_2_f1": 0.08917353367501211,
    "rouge_l_f1": 0.19129540152152955,
    "meteor": 0.18874780965204113,
    "bertscore_f1": 0.0
  }
}