{
  "n_done": 600,
  "metrics": {
    "bleu_1": 0.2024374820283211,
    "bleu_2": 0.08895410200738652,
    "bleu_3": 0.044667521804187794,
    "bleu_4": 0.023348788951219824,
    "rouge_1_f1": 0.3157794748147216,
    "rouge_2_f1": 0.07865149266303592,
    "rouge_l_f1": 0.1764995730969558,
    "meteor": 0.17521433021506574,
    "bertscore_f1": 0.0
  }
}