{
  "n_done": 1400,
  "metrics": {
    "bleu_1": 0.2043096553025033,
    "bleu_2": 0.08954576127357187,
    "bleu_3": 0.04448354321095757,
    "bleu_4": 0.023109103546640936,
    "rouge_1_f1": 0.3194989539566773,
    "rouge_2_f1": 0.07971797792448455,
    "rouge_l_f1": 0.17838295114279226,
    "meteor": 0.17766857542733053,
    "bertscore_f1": 0.0
  }
}