{
  "model": "phi3_mini",
  "experiment": "exp3",
  "test_samples": 968,
  "metrics": {
    "bleu_1": 0.19214049253705054,
    "bleu_2": 0.0815482850899387,
    "bleu_3": 0.03799930865311813,
    "bleu_4": 0.01936799317184971,
    "rouge_1_f1": 0.295105751118193,
    "rouge_2_f1": 0.07832540830220451,
    "rouge_l_f1": 0.18350897490901064,
    "meteor": 0.1760775873055967,
    "bertscore_f1": 0.0,
    "avg_reference_length": 89.91528925619835,
    "avg_candidate_length": 106.5392561983471,
    "length_ratio": 1.1848847629770904,
    "length_difference": 16.623966942148755
  },
  "metrics_by_language": {
    "english": {
      "rouge_1_f1": 0.38088907638138214,
      "n": 331
    },
    "hindi": {
      "rouge_1_f1": 0.17885627016985875,
      "n": 311
    },
    "code_mixed": {
      "rouge_1_f1": 0.318907309132967,
      "n": 326
    }
  },
  "metrics_by_complexity": {
    "professional": {
      "rouge_1_f1": 0.33586020302399106,
      "n": 318
    },
    "intermediate": {
      "rouge_1_f1": 0.2937589202731107,
      "n": 326
    },
    "layman": {
      "rouge_1_f1": 0.2564611559004555,
      "n": 324
    }
  },
  "checkpoint": "models/phi3_mini/checkpoints/exp3/final"
}