{
  "n_done": 400,
  "metrics": {
    "bleu_1": 0.06612063525111239,
    "bleu_2": 0.0219509379545148,
    "bleu_3": 0.009687245222477232,
    "bleu_4": 0.0051562782549624785,
    "rouge_1_f1": 0.13216767898340326,
    "rouge_2_f1": 0.021725657948075527,
    "rouge_l_f1": 0.07994056248992525,
    "meteor": 0.06346178383194528,
    "bertscore_f1": 0.0
  }
}