{
  "n_done": 1400,
  "metrics": {
    "bleu_1": 0.06622874230132125,
    "bleu_2": 0.023013112267863123,
    "bleu_3": 0.01056480825526031,
    "bleu_4": 0.005686964526840515,
    "rouge_1_f1": 0.13337312520992234,
    "rouge_2_f1": 0.02367407425464883,
    "rouge_l_f1": 0.0818960317423623,
    "meteor": 0.06484635513384883,
    "bertscore_f1": 0.0
  }
}