{
  "n_done": 600,
  "metrics": {
    "bleu_1": 0.06436773525007493,
    "bleu_2": 0.021594255226862286,
    "bleu_3": 0.009581993920535476,
    "bleu_4": 0.005227382328489421,
    "rouge_1_f1": 0.12983227310058337,
    "rouge_2_f1": 0.02182693119852102,
    "rouge_l_f1": 0.07920383552495548,
    "meteor": 0.062392087046965715,
    "bertscore_f1": 0.0
  }
}