{
  "n_done": 800,
  "metrics": {
    "bleu_1": 0.09345442801882616,
    "bleu_2": 0.025833507578194505,
    "bleu_3": 0.01057386311836592,
    "bleu_4": 0.005634406412106301,
    "rouge_1_f1": 0.08103413229413534,
    "rouge_2_f1": 0.022256025224775225,
    "rouge_l_f1": 0.07722857816689002,
    "meteor": 0.07037538246781193,
    "bertscore_f1": 0.0
  }
}