{
  "n_done": 200,
  "metrics": {
    "bleu_1": 0.06123968499184713,
    "bleu_2": 0.01915315941116331,
    "bleu_3": 0.008669949161783529,
    "bleu_4": 0.004622154478124208,
    "rouge_1_f1": 0.12632466377775614,
    "rouge_2_f1": 0.019100403488413697,
    "rouge_l_f1": 0.07700676039788276,
    "meteor": 0.06106323932332499,
    "bertscore_f1": 0.0
  }
}