{
  "n_done": 600,
  "metrics": {
    "bleu_1": 0.09321855669798451,
    "bleu_2": 0.025796872581300315,
    "bleu_3": 0.010683337022644259,
    "bleu_4": 0.0056669432767792035,
    "rouge_1_f1": 0.07585844849239991,
    "rouge_2_f1": 0.023266932141932144,
    "rouge_l_f1": 0.07208728637564955,
    "meteor": 0.06982192221685679,
    "bertscore_f1": 0.0
  }
}