{
  "n_done": 1000,
  "metrics": {
    "bleu_1": 0.09291016204734359,
    "bleu_2": 0.025530157690077413,
    "bleu_3": 0.010326027790736719,
    "bleu_4": 0.005504391302981858,
    "rouge_1_f1": 0.07848687404487648,
    "rouge_2_f1": 0.021548470973470974,
    "rouge_l_f1": 0.07442422672487621,
    "meteor": 0.07020551346687995,
    "bertscore_f1": 0.0
  }
}