{
  "n_done": 1200,
  "metrics": {
    "bleu_1": 0.09341151518214434,
    "bleu_2": 0.025679650416691735,
    "bleu_3": 0.010418397284300223,
    "bleu_4": 0.005578244916720677,
    "rouge_1_f1": 0.07811476007976209,
    "rouge_2_f1": 0.02108404327154327,
    "rouge_l_f1": 0.07411017302738093,
    "meteor": 0.0704824985528437,
    "bertscore_f1": 0.0
  }
}