{
  "n_done": 800,
  "metrics": {
    "bleu_1": 0.06512810045478919,
    "bleu_2": 0.02239198337544305,
    "bleu_3": 0.010118394937478646,
    "bleu_4": 0.005448760048724931,
    "rouge_1_f1": 0.13140033506336926,
    "rouge_2_f1": 0.022541207781545034,
    "rouge_l_f1": 0.08010499131447965,
    "meteor": 0.06373818805776862,
    "bertscore_f1": 0.0
  }
}