{
  "n_done": 1400,
  "metrics": {
    "bleu_1": 0.09375442010334901,
    "bleu_2": 0.025724104434809787,
    "bleu_3": 0.01045015319799275,
    "bleu_4": 0.00558462844222542,
    "rouge_1_f1": 0.07881489538922043,
    "rouge_2_f1": 0.02299925483013718,
    "rouge_l_f1": 0.07494191601098894,
    "meteor": 0.07067114697839824,
    "bertscore_f1": 0.0
  }
}