{
  "n_done": 400,
  "metrics": {
    "bleu_1": 0.0941091523483358,
    "bleu_2": 0.0259015820078809,
    "bleu_3": 0.010531274090990852,
    "bleu_4": 0.005570097796101162,
    "rouge_1_f1": 0.07753134488060959,
    "rouge_2_f1": 0.025588709901209903,
    "rouge_l_f1": 0.07301343223769695,
    "meteor": 0.07021465377790971,
    "bertscore_f1": 0.0
  }
}