{
  "n_done": 1200,
  "metrics": {
    "bleu_1": 0.0654744453012154,
    "bleu_2": 0.022903677278529187,
    "bleu_3": 0.010509354099076017,
    "bleu_4": 0.00564229531462166,
    "rouge_1_f1": 0.13209784473949285,
    "rouge_2_f1": 0.02336605081494095,
    "rouge_l_f1": 0.08083089701867076,
    "meteor": 0.06415860077285367,
    "bertscore_f1": 0.0
  }
}