{
  "n_done": 200,
  "metrics": {
    "bleu_1": 0.09161698579568396,
    "bleu_2": 0.025761390187670166,
    "bleu_3": 0.010540493161894603,
    "bleu_4": 0.005508302004313119,
    "rouge_1_f1": 0.07090702189966896,
    "rouge_2_f1": 0.020396284271284273,
    "rouge_l_f1": 0.06742314466579172,
    "meteor": 0.06832959289218418,
    "bertscore_f1": 0.0
  }
}