{
  "n_done": 1000,
  "metrics": {
    "bleu_1": 0.06479024115616422,
    "bleu_2": 0.02232493903055687,
    "bleu_3": 0.010111241491447643,
    "bleu_4": 0.005412265061836181,
    "rouge_1_f1": 0.1308071571399698,
    "rouge_2_f1": 0.02273663740825639,
    "rouge_l_f1": 0.08025741192460732,
    "meteor": 0.06364703073369242,
    "bertscore_f1": 0.0
  }
}