{
  "n_done": 1200,
  "metrics": {
    "bleu_1": 0.04583060340790917,
    "bleu_2": 0.015987516283190457,
    "bleu_3": 0.007550841130857231,
    "bleu_4": 0.004097565419407127,
    "rouge_1_f1": 0.10960247117627446,
    "rouge_2_f1": 0.019267471812604152,
    "rouge_l_f1": 0.06909310339645866,
    "meteor": 0.05867959302111983,
    "bertscore_f1": 0.0
  }
}