{
  "n_done": 1400,
  "metrics": {
    "bleu_1": 0.04623595059232441,
    "bleu_2": 0.016026365136418648,
    "bleu_3": 0.007547043940929129,
    "bleu_4": 0.004094984293789835,
    "rouge_1_f1": 0.11034478810784087,
    "rouge_2_f1": 0.01946360870075109,
    "rouge_l_f1": 0.06946169670056292,
    "meteor": 0.05911216013161958,
    "bertscore_f1": 0.0
  }
}