{
  "n_done": 1000,
  "metrics": {
    "bleu_1": 0.04605831113048497,
    "bleu_2": 0.0160375795929977,
    "bleu_3": 0.007588930626076713,
    "bleu_4": 0.0041036787641664935,
    "rouge_1_f1": 0.10990649624953704,
    "rouge_2_f1": 0.019075063586687813,
    "rouge_l_f1": 0.06909464438827013,
    "meteor": 0.05925725985024078,
    "bertscore_f1": 0.0
  }
}