{
  "n_done": 800,
  "metrics": {
    "bleu_1": 0.045553301080176765,
    "bleu_2": 0.015822644818097132,
    "bleu_3": 0.00742382228395026,
    "bleu_4": 0.004018642305510769,
    "rouge_1_f1": 0.10841125789236529,
    "rouge_2_f1": 0.018925840927271804,
    "rouge_l_f1": 0.06840143154001059,
    "meteor": 0.05876348360799022,
    "bertscore_f1": 0.0
  }
}