{
  "n_done": 600,
  "metrics": {
    "bleu_1": 0.0446711145104808,
    "bleu_2": 0.015319285224717734,
    "bleu_3": 0.007188810159172984,
    "bleu_4": 0.0038602160729929755,
    "rouge_1_f1": 0.1069234205085683,
    "rouge_2_f1": 0.01868270483478634,
    "rouge_l_f1": 0.06746589724709917,
    "meteor": 0.05806144474252674,
    "bertscore_f1": 0.0
  }
}