{
  "n_done": 200,
  "metrics": {
    "bleu_1": 0.045092859378739025,
    "bleu_2": 0.015794500319815066,
    "bleu_3": 0.007522658924030867,
    "bleu_4": 0.004082311276301609,
    "rouge_1_f1": 0.10723794623242389,
    "rouge_2_f1": 0.018407468565489887,
    "rouge_l_f1": 0.06688193714923664,
    "meteor": 0.06154632342124852,
    "bertscore_f1": 0.0
  }
}