{
  "n_done": 400,
  "metrics": {
    "bleu_1": 0.04520584685934668,
    "bleu_2": 0.015783305411599648,
    "bleu_3": 0.00745931449767327,
    "bleu_4": 0.003985312290039225,
    "rouge_1_f1": 0.1085103150025128,
    "rouge_2_f1": 0.01889780914817594,
    "rouge_l_f1": 0.06736746462817882,
    "meteor": 0.05965854661191813,
    "bertscore_f1": 0.0
  }
}