{
  "n_done": 600,
  "metrics": {
    "bleu_1": 0.15525519590334913,
    "bleu_2": 0.06517019777189757,
    "bleu_3": 0.033171491582510065,
    "bleu_4": 0.018081704114611487,
    "rouge_1_f1": 0.2950738683546288,
    "rouge_2_f1": 0.06845408292716895,
    "rouge_l_f1": 0.14901217287936394,
    "meteor": 0.20957191046785764,
    "bertscore_f1": 0.0
  }
}