{
  "n_done": 1000,
  "metrics": {
    "bleu_1": 0.15563813341627344,
    "bleu_2": 0.06453246821960296,
    "bleu_3": 0.03252601692905161,
    "bleu_4": 0.01760191167404091,
    "rouge_1_f1": 0.29423551247773727,
    "rouge_2_f1": 0.06709191359610124,
    "rouge_l_f1": 0.1473355191215725,
    "meteor": 0.20925695453915283,
    "bertscore_f1": 0.0
  }
}