{
  "n_done": 800,
  "metrics": {
    "bleu_1": 0.18160258207138846,
    "bleu_2": 0.07909132225057813,
    "bleu_3": 0.04023797752756107,
    "bleu_4": 0.02155698847966896,
    "rouge_1_f1": 0.336070859158238,
    "rouge_2_f1": 0.08286723993062972,
    "rouge_l_f1": 0.1666678499091644,
    "meteor": 0.24887150586104062,
    "bertscore_f1": 0.0
  }
}