{
  "n_done": 1200,
  "metrics": {
    "bleu_1": 0.15653810708231924,
    "bleu_2": 0.06502340061297526,
    "bleu_3": 0.03265936651788867,
    "bleu_4": 0.017478279321982693,
    "rouge_1_f1": 0.2961941932800221,
    "rouge_2_f1": 0.06786341826381248,
    "rouge_l_f1": 0.14804964217036046,
    "meteor": 0.21021653125668452,
    "bertscore_f1": 0.0
  }
}