{
  "n_done": 1400,
  "metrics": {
    "bleu_1": 0.15683267195559855,
    "bleu_2": 0.06502326572079031,
    "bleu_3": 0.03252526940129829,
    "bleu_4": 0.017344173146083185,
    "rouge_1_f1": 0.296770871574552,
    "rouge_2_f1": 0.0677483318357235,
    "rouge_l_f1": 0.14793853722416825,
    "meteor": 0.21119258005286665,
    "bertscore_f1": 0.0
  }
}