{
  "n_done": 1200,
  "metrics": {
    "bleu_1": 0.12036019615583043,
    "bleu_2": 0.04750879613037327,
    "bleu_3": 0.02313276312913548,
    "bleu_4": 0.012154421555300152,
    "rouge_1_f1": 0.23822259786377867,
    "rouge_2_f1": 0.049642250509629775,
    "rouge_l_f1": 0.12351395842810921,
    "meteor": 0.15884849081685964,
    "bertscore_f1": 0.0
  }
}