{
  "n_done": 800,
  "metrics": {
    "bleu_1": 0.12242666428940609,
    "bleu_2": 0.04815911440546002,
    "bleu_3": 0.023341160147229294,
    "bleu_4": 0.012333293772558818,
    "rouge_1_f1": 0.24071599787727366,
    "rouge_2_f1": 0.04965785445012899,
    "rouge_l_f1": 0.12408545631798082,
    "meteor": 0.1610621061782334,
    "bertscore_f1": 0.0
  }
}