{
  "n_done": 800,
  "metrics": {
    "bleu_1": 0.1538725537365582,
    "bleu_2": 0.06403386160873521,
    "bleu_3": 0.032336862791657886,
    "bleu_4": 0.01748051480028631,
    "rouge_1_f1": 0.2921525702793153,
    "rouge_2_f1": 0.06671995184264728,
    "rouge_l_f1": 0.14716213609912424,
    "meteor": 0.20696111907193654,
    "bertscore_f1": 0.0
  }
}