{
  "n_done": 400,
  "metrics": {
    "bleu_1": 0.1521405295849496,
    "bleu_2": 0.06289880163320265,
    "bleu_3": 0.031835071492126166,
    "bleu_4": 0.017211630967807638,
    "rouge_1_f1": 0.28965541006867707,
    "rouge_2_f1": 0.06575346791667963,
    "rouge_l_f1": 0.14605153651898167,
    "meteor": 0.20316510923944503,
    "bertscore_f1": 0.0
  }
}