{
  "n_done": 1000,
  "metrics": {
    "bleu_1": 0.12217517306776665,
    "bleu_2": 0.048001527044453936,
    "bleu_3": 0.023291523193170953,
    "bleu_4": 0.012272203691186255,
    "rouge_1_f1": 0.24048922934803266,
    "rouge_2_f1": 0.049503053243072345,
    "rouge_l_f1": 0.12349557810699288,
    "meteor": 0.16138812002520808,
    "bertscore_f1": 0.0
  }
}