{
  "n_done": 1200,
  "metrics": {
    "bleu_1": 0.17841184362497559,
    "bleu_2": 0.07415775579166868,
    "bleu_3": 0.036075245926277644,
    "bleu_4": 0.019004542179731597,
    "rouge_1_f1": 0.3008263142549228,
    "rouge_2_f1": 0.09029620309741655,
    "rouge_l_f1": 0.2778347732379313,
    "meteor": 0.13121989224620534,
    "bertscore_f1": 0.0
  }
}