{
  "n_done": 200,
  "metrics": {
    "bleu_1": 0.12324762149924232,
    "bleu_2": 0.03950924071051765,
    "bleu_3": 0.01604622848450068,
    "bleu_4": 0.008015892937818484,
    "rouge_1_f1": 0.18382480628080267,
    "rouge_2_f1": 0.016477533123313175,
    "rouge_l_f1": 0.17296190845127538,
    "meteor": 0.0803160525718101,
    "bertscore_f1": 0.0
  }
}