{
  "n_done": 400,
  "metrics": {
    "bleu_1": 0.1258604389565942,
    "bleu_2": 0.041257478536844285,
    "bleu_3": 0.017129127545963248,
    "bleu_4": 0.008712868599365408,
    "rouge_1_f1": 0.1862333612862866,
    "rouge_2_f1": 0.018744510132463678,
    "rouge_l_f1": 0.17309742369588535,
    "meteor": 0.08251039678041931,
    "bertscore_f1": 0.0
  }
}