{
  "n_done": 1400,
  "metrics": {
    "bleu_1": 0.17849415731924928,
    "bleu_2": 0.07407345391917652,
    "bleu_3": 0.036217626632392946,
    "bleu_4": 0.01908752392338637,
    "rouge_1_f1": 0.30090162457847197,
    "rouge_2_f1": 0.08827707608252797,
    "rouge_l_f1": 0.2769376386895865,
    "meteor": 0.13150492105313843,
    "bertscore_f1": 0.0
  }
}