{
  "n_done": 1400,
  "metrics": {
    "bleu_1": 0.1206462257253344,
    "bleu_2": 0.04768540898037901,
    "bleu_3": 0.023271768498364147,
    "bleu_4": 0.012225215276806046,
    "rouge_1_f1": 0.23865277647511204,
    "rouge_2_f1": 0.04980107638538547,
    "rouge_l_f1": 0.12347404566636143,
    "meteor": 0.15939384373337417,
    "bertscore_f1": 0.0
  }
}