{
  "n_done": 200,
  "metrics": {
    "bleu_1": 0.18369938232985433,
    "bleu_2": 0.0807164165231385,
    "bleu_3": 0.04175701363690226,
    "bleu_4": 0.023312896977619683,
    "rouge_1_f1": 0.3399044881802124,
    "rouge_2_f1": 0.08440152781100724,
    "rouge_l_f1": 0.16951113788322514,
    "meteor": 0.25069549431880417,
    "bertscore_f1": 0.0
  }
}