{
  "n_done": 600,
  "metrics": {
    "bleu_1": 0.18257532149102448,
    "bleu_2": 0.08057957993082347,
    "bleu_3": 0.04181477440749417,
    "bleu_4": 0.022642630531456955,
    "rouge_1_f1": 0.3377979940178286,
    "rouge_2_f1": 0.08437883813958223,
    "rouge_l_f1": 0.16857024055678987,
    "meteor": 0.2517188283835062,
    "bertscore_f1": 0.0
  }
}