{
  "n_done": 1000,
  "metrics": {
    "bleu_1": 0.17825232962302065,
    "bleu_2": 0.07409191404015712,
    "bleu_3": 0.03596667478296099,
    "bleu_4": 0.01879138802878744,
    "rouge_1_f1": 0.3013164052645826,
    "rouge_2_f1": 0.0899931769417074,
    "rouge_l_f1": 0.2803063087356766,
    "meteor": 0.13120923331370912,
    "bertscore_f1": 0.0
  }
}