{
  "n_done": 400,
  "metrics": {
    "bleu_1": 0.18247506038812789,
    "bleu_2": 0.08017513673652225,
    "bleu_3": 0.04118190228294449,
    "bleu_4": 0.0227304854272726,
    "rouge_1_f1": 0.3379462419144864,
    "rouge_2_f1": 0.0837989113777308,
    "rouge_l_f1": 0.16836734454916327,
    "meteor": 0.2500298025733403,
    "bertscore_f1": 0.0
  }
}