{
  "n_done": 600,
  "metrics": {
    "bleu_1": 0.12484789421269189,
    "bleu_2": 0.041577069918683866,
    "bleu_3": 0.01751820197866681,
    "bleu_4": 0.008826892795479883,
    "rouge_1_f1": 0.19351107627254252,
    "rouge_2_f1": 0.026834649261346436,
    "rouge_l_f1": 0.18050377286416142,
    "meteor": 0.08226279521092553,
    "bertscore_f1": 0.0
  }
}