{
  "n_done": 200,
  "metrics": {
    "bleu_1": 0.17654306559520852,
    "bleu_2": 0.07375508319725854,
    "bleu_3": 0.03628271580466016,
    "bleu_4": 0.019004894541035572,
    "rouge_1_f1": 0.3161281564741401,
    "rouge_2_f1": 0.07742946646623118,
    "rouge_l_f1": 0.2898871870910755,
    "meteor": 0.1307242455128115,
    "bertscore_f1": 0.0
  }
}