{
  "model": "xlmr_large",
  "experiment": "exp2",
  "test_samples": 252,
  "metrics": {
    "accuracy": 0.9880952380952381,
    "macro_f1": 0.9880948162845905,
    "macro_precision": 0.9881407984880699,
    "macro_recall": 0.9880952380952381,
    "confusion_matrix": [
      [
        84,
        0,
        0
      ],
      [
        0,
        82,
        2
      ],
      [
        0,
        1,
        83
      ]
    ]
  },
  "checkpoint": "/DATA/vaneet_2221cs15/legal-bot/models/xlmr_large/checkpoints/exp2/final"
}